{
  "splits": [0, 1, 2],
  "graph_weight_target": 0.2,
  "datasets": {
    "KIRC": {
      "sentence_pt": {
        "num_splits": 3,
        "acc_mean": 0.8129496375719706,
        "acc_std": 0.01246082515259351,
        "auc_mean": 0.87662717566184,
        "auc_std": 0.020963751149057033
      },
      "dual_text_v1": {
        "num_splits": 3,
        "acc_mean": 0.7937649885813395,
        "acc_std": 0.02995205465585738,
        "auc_mean": 0.8696796840719614,
        "auc_std": 0.00038000237112086976
      },
      "gate_0.005": {
        "num_splits": 3,
        "acc_mean": 0.8057553966840109,
        "acc_std": 0.007194250822087837,
        "auc_mean": 0.8824776948954219,
        "auc_std": 0.008361011711538916,
        "fusion_gate_mean": 0.858209246421139,
        "graph_branch_weight_mean": 0.14179075357886098,
        "doc_attention_entropy_mean": 0.6552505409268972,
        "doc_attention_max_mean": 0.6341972685903668
      },
      "gate_0.01": {
        "num_splits": 3,
        "acc_mean": 0.8009592294692993,
        "acc_std": 0.004153585442359367,
        "auc_mean": 0.886061137925991,
        "auc_std": 0.007613757364385888,
        "fusion_gate_mean": 0.80944472063574,
        "graph_branch_weight_mean": 0.19055527936425998,
        "doc_attention_entropy_mean": 0.5367809738315824,
        "doc_attention_max_mean": 0.7058860719275417
      },
      "gate_0.02": {
        "num_splits": 3,
        "acc_mean": 0.798561155796051,
        "acc_std": 0.007194221019744873,
        "auc_mean": 0.8723855492174931,
        "auc_std": 0.008998740004294981,
        "fusion_gate_mean": 0.9072375058663263,
        "graph_branch_weight_mean": 0.0927624941336737,
        "doc_attention_entropy_mean": 0.6507616610087963,
        "doc_attention_max_mean": 0.6442508932640798
      }
    },
    "BRCA": {
      "sentence_pt": {
        "num_splits": 3,
        "acc_mean": 0.7268292705217997,
        "acc_std": 0.03902438282966993,
        "auc_mean": 0.7389861995753716,
        "auc_std": 0.028150093591551108
      },
      "dual_text_v1": {
        "num_splits": 3,
        "acc_mean": 0.7495934963226318,
        "acc_std": 0.014902670974540152,
        "auc_mean": 0.715631634819533,
        "auc_std": 0.05291309135013516
      },
      "gate_0.005": {
        "num_splits": 3,
        "acc_mean": 0.660162607828776,
        "acc_std": 0.11233640957489699,
        "auc_mean": 0.7181970983722576,
        "auc_std": 0.06210280869597315,
        "fusion_gate_mean": 0.6885027601466915,
        "graph_branch_weight_mean": 0.31149723985330846,
        "doc_attention_entropy_mean": 0.5880254834422006,
        "doc_attention_max_mean": 0.686016544796587
      },
      "gate_0.01": {
        "num_splits": 3,
        "acc_mean": 0.7642276287078857,
        "acc_std": 0.014902670974540152,
        "auc_mean": 0.7221337579617835,
        "auc_std": 0.0934390847576499,
        "fusion_gate_mean": 0.8768622046563683,
        "graph_branch_weight_mean": 0.12313779534363165,
        "doc_attention_entropy_mean": 0.7010220298295206,
        "doc_attention_max_mean": 0.5981203091096103
      },
      "gate_0.02": {
        "num_splits": 3,
        "acc_mean": 0.6243902444839478,
        "acc_std": 0.27898856301974273,
        "auc_mean": 0.7402689313517339,
        "auc_std": 0.07724483984524468,
        "fusion_gate_mean": 0.6349031510876446,
        "graph_branch_weight_mean": 0.3650968489123554,
        "doc_attention_entropy_mean": 0.6343082199678142,
        "doc_attention_max_mean": 0.6594237575201485
      }
    }
  }
}
