{
  "dataset": "KIRC",
  "splits": [
    0,
    1,
    2,
    3,
    4,
    5,
    6,
    7,
    8,
    9
  ],
  "num_splits": 10,
  "sentence_pt": {
    "acc_mean": 0.7676258981227875,
    "acc_std": 0.05510893602851114,
    "auc_mean": 0.8650065818341378,
    "auc_std": 0.027069530048373782
  },
  "dual_text": {
    "acc_mean": 0.7784172713756561,
    "acc_std": 0.02622586019405506,
    "auc_mean": 0.8670030715225976,
    "auc_std": 0.022028923874429666
  },
  "delta": {
    "acc_mean": 0.010791373252868653,
    "auc_mean": 0.001996489688459835,
    "dual_better_acc_splits": 5,
    "dual_better_auc_splits": 5
  }
}