{
  "dataset": "KIRC",
  "num_splits": 3,
  "mode": "dual_text",
  "acc_mean": 0.8009592294692993,
  "acc_std": 0.004153585442359367,
  "auc_mean": 0.886061137925991,
  "auc_std": 0.007613757364385888,
  "analysis": {
    "fusion_gate_mean": 0.80944472063574,
    "fusion_gate_std": 0.07627188619792458,
    "fusion_gate_is_sentence_branch_weight": true,
    "graph_branch_weight_mean": 0.19055527936425998,
    "graph_branch_weight_std": 0.07627188619792458,
    "doc_attention_entropy_mean": 0.5367809738315824,
    "doc_attention_max_mean": 0.7058860719275417
  }
}