{
  "dataset": "KIRC",
  "num_splits": 10,
  "mode": "dual_text",
  "acc_mean": 0.7769784212112427,
  "acc_std": 0.03589120109674017,
  "auc_mean": 0.8757788503729707,
  "auc_std": 0.02463539303759818,
  "analysis": {
    "fusion_gate_mean": 0.8360786528949686,
    "fusion_gate_std": 0.13143347224120847,
    "fusion_gate_is_sentence_branch_weight": true,
    "graph_branch_weight_mean": 0.1639213471050314,
    "graph_branch_weight_std": 0.13143347224120847,
    "doc_attention_entropy_mean": 0.6133385458614649,
    "doc_attention_max_mean": 0.6479652468463499
  }
}