{
  "dataset": "BRCA",
  "num_splits": 5,
  "hierarchy_feature": "section_features",
  "modes": {
    "sentence_pt": {
      "runs": 5,
      "acc_mean": 0.7375609636306762,
      "acc_std": 0.04087093843773222,
      "auc_mean": 0.7488853503184713,
      "auc_std": 0.02347800056139843
    },
    "hierarchy_graph": {
      "runs": 5,
      "acc_mean": 0.7034146308898925,
      "acc_std": 0.03893280616233546,
      "auc_mean": 0.6521496815286624,
      "auc_std": 0.030045346391440516
    }
  }
}
