{
  "dataset": "BRCA",
  "num_splits": 10,
  "mode": "dual_text",
  "acc_mean": 0.7541463375091553,
  "acc_std": 0.02964526227131862,
  "auc_mean": 0.7403662420382165,
  "auc_std": 0.050104567104651866,
  "analysis": {
    "fusion_gate_mean": 0.7688154607429737,
    "fusion_gate_std": 0.21874406930948115,
    "fusion_gate_is_sentence_branch_weight": true,
    "graph_branch_weight_mean": 0.2311845392570263,
    "graph_branch_weight_std": 0.21874406930948115,
    "doc_attention_entropy_mean": 0.5971607480250277,
    "doc_attention_max_mean": 0.6767432965665329
  }
}